John Doe,user1,password123
Alice Johnson,user2,securePass456
Bob Smith,user3,secret1234
Emily Davis,user4,strongPass789
Michael Wilson,user5,passWord567
Sophia Miller,user6,randomPass321
David Brown,user7,safePassword890
Emma Taylor,user8,secure123Pass
Daniel White,user9,uniquePass777
Olivia Harris,user10,superSecure999
Grace Anderson,user11,awesomePass111
Henry Thomas,user12,thomasHenry456
Ava Robinson,user13,robinsonAva789
Liam Hall,user14,hallLiam123
Chloe Mitchell,user15,mitchellChloe456
Ethan Turner,user16,turnerEthan789
Zoe Scott,user17,scottZoe123
Mia Baker,user18,bakerMia456
Noah Walker,user19,walkerNoah789
Lily Smith,user20,smithLily123
Lucas Davis,user21,davisLucas456
Isabella Allen,user22,allenIsabella789
Oliver Wilson,user23,wilsonOliver123
Sophie Johnson,user24,johnsonSophie456
Aiden Clark,user25,clarkAiden789
Ella Harris,user26,harrisElla123
Carter Martinez,user27,martinezCarter456
Aria White,user28,whiteAria789
James Moore,user29,mooreJames123
Avery Taylor,user30,taylorAvery456
Evelyn Turner,user31,turnerEvelyn789
Logan Brown,user32,brownLogan123
Hannah Lee,user33,leeHannah456
Liam Foster,user34,fosterLiam789
Abigail Miller,user35,millerAbigail123
Benjamin Robinson,user36,robinsonBenjamin456
Harper Wilson,user37,wilsonHarper789
Mason Hall,user38,hallMason123
Mila Turner,user39,turnerMila456
William Clark,user40,clarkWilliam789
Scarlett Moore,user41,mooreScarlett123
Jackson Davis,user42,davisJackson456
Ella Turner,user43,turnerElla789
Henry Foster,user44,fosterHenry123
Sophia Smith,user45,smithSophia456
Ethan Harris,user46,harrisEthan789
Ava Walker,user47,walkerAva123
Oliver Robinson,user48,robinsonOliver456
Chloe White,user49,whiteChloe789
Mia Johnson,user50,johnsonMia123
Liam Baker,user51,bakerLiam456
Emily Turner,user52,turnerEmily789
Carter Davis,user53,davisCarter123
Avery Robinson,user54,robinsonAvery456
Lily Miller,user55,millerLily789
Noah Scott,user56,scottNoah123
Zoe Hall,user57,hallZoe456
Lucas Moore,user58,mooreLucas789
Olivia Taylor,user59,taylorOlivia123
Aiden Wilson,user60,wilsonAiden456
Ella Smith,user61,smithElla789
Hannah Clark,user62,clarkHannah123
Benjamin Baker,user63,bakerBenjamin456
Sophie Harris,user64,harrisSophie789
James Turner,user65,turnerJames123
Aria Robinson,user66,robinsonAria456
Logan Johnson,user67,johnsonLogan789
Harper Davis,user68,davisHarper123
Mason White,user69,whiteMason456
Scarlett Walker,user70,walkerScarlett789
William Foster,user71,fosterWilliam123
Abigail Lee,user72,leeAbigail456
Jackson Harris,user73,harrisJackson789
Mila Turner,user74,turnerMila123
Oliver Smith,user75,smithOliver456
Chloe Baker,user76,bakerChloe789
Liam Taylor,user77,taylorLiam123
Emily Robinson,user78,robinsonEmily456
Carter Moore,user79,mooreCarter789
Avery Hall,user80,hallAvery123
Evelyn Clark,user81,clarkEvelyn456
Henry Walker,user82,walkerHenry789
Isabella Turner,user83,turnerIsabella123
Logan Smith,user84,smithLogan456
Sophia Davis,user85,davisSophia789
Ethan Robinson,user86,robinsonEthan123
Zoe Harris,user87,harrisZoe456
Mia Turner,user88,turnerMia789
Liam Wilson,user89,wilsonLiam123
Ava Smith,user90,smithAva456
Oliver Baker,user91,bakerOliver789
Chloe Moore,user92,mooreChloe123
Noah Taylor,user93,taylorNoah456
Lily Robinson,user94,robinsonLily789
Lucas Harris,user95,harrisLucas123
Isabella Turner,user96,turnerIsabella456
Aiden Smith,user97,smithAiden789
Sophie Davis,user98,davisSophie123
Ethan Turner,user99,turnerEthan456
Zoe Baker,user100,bakerZoe789
